{
  "Get characters" : {
    "transaction" : "Get characters",
    "sampleCount" : 17008,
    "errorCount" : 1979,
    "errorPct" : 11.635701,
    "meanResTime" : 82.26246472248353,
    "medianResTime" : 51.0,
    "minResTime" : 0.0,
    "maxResTime" : 1151.0,
    "pct1ResTime" : 161.0,
    "pct2ResTime" : 351.0,
    "pct3ResTime" : 486.0,
    "throughput" : 2054.1062801932367,
    "receivedKBytesPerSec" : 6328.870985243056,
    "sentKBytesPerSec" : 243.10674252717394
  },
  "Delete character" : {
    "transaction" : "Delete character",
    "sampleCount" : 15015,
    "errorCount" : 7,
    "errorPct" : 0.046620045,
    "meanResTime" : 0.8081918081918049,
    "medianResTime" : 0.0,
    "minResTime" : 0.0,
    "maxResTime" : 381.0,
    "pct1ResTime" : 1.0,
    "pct2ResTime" : 3.0,
    "pct3ResTime" : 7.0,
    "throughput" : 1824.866310160428,
    "receivedKBytesPerSec" : 443.74190549799465,
    "sentKBytesPerSec" : 379.5864492814171
  },
  "Total" : {
    "transaction" : "Total",
    "sampleCount" : 77093,
    "errorCount" : 2000,
    "errorPct" : 2.5942693,
    "meanResTime" : 18.81147445293337,
    "medianResTime" : 1.0,
    "minResTime" : 0.0,
    "maxResTime" : 1151.0,
    "pct1ResTime" : 48.0,
    "pct2ResTime" : 49.0,
    "pct3ResTime" : 63.0,
    "throughput" : 9310.748792270531,
    "receivedKBytesPerSec" : 8167.83889549366,
    "sentKBytesPerSec" : 1628.4566538345412
  },
  "Get characters by ID" : {
    "transaction" : "Get characters by ID",
    "sampleCount" : 15029,
    "errorCount" : 6,
    "errorPct" : 0.039922815,
    "meanResTime" : 1.0837048373145228,
    "medianResTime" : 1.0,
    "minResTime" : 0.0,
    "maxResTime" : 378.0,
    "pct1ResTime" : 1.0,
    "pct2ResTime" : 2.0,
    "pct3ResTime" : 7.0,
    "throughput" : 1826.123936816525,
    "receivedKBytesPerSec" : 458.3143083611786,
    "sentKBytesPerSec" : 226.4821679450182
  },
  "Change character" : {
    "transaction" : "Change character",
    "sampleCount" : 15018,
    "errorCount" : 3,
    "errorPct" : 0.01997603,
    "meanResTime" : 0.7192702090824326,
    "medianResTime" : 0.0,
    "minResTime" : 0.0,
    "maxResTime" : 376.0,
    "pct1ResTime" : 1.0,
    "pct2ResTime" : 3.0,
    "pct3ResTime" : 7.0,
    "throughput" : 1825.674690007294,
    "receivedKBytesPerSec" : 474.24752689642594,
    "sentKBytesPerSec" : 374.405942286652
  },
  "Create character" : {
    "transaction" : "Create character",
    "sampleCount" : 15023,
    "errorCount" : 5,
    "errorPct" : 0.033282302,
    "meanResTime" : 0.7913865406376919,
    "medianResTime" : 0.0,
    "minResTime" : 0.0,
    "maxResTime" : 383.0,
    "pct1ResTime" : 1.0,
    "pct2ResTime" : 3.0,
    "pct3ResTime" : 7.0,
    "throughput" : 1826.5045592705167,
    "receivedKBytesPerSec" : 474.46309840425533,
    "sentKBytesPerSec" : 413.81743920972644
  }
}