{
  "Get characters" : {
    "transaction" : "Get characters",
    "sampleCount" : 16389,
    "errorCount" : 959,
    "errorPct" : 5.8514857,
    "meanResTime" : 18.634083836719665,
    "medianResTime" : 11.0,
    "minResTime" : 0.0,
    "maxResTime" : 256.0,
    "pct1ResTime" : 30.0,
    "pct2ResTime" : 31.0,
    "pct3ResTime" : 187.10000000000036,
    "throughput" : 2325.6704980842915,
    "receivedKBytesPerSec" : 2703.620556619838,
    "sentKBytesPerSec" : 285.67758221583654
  },
  "Delete character" : {
    "transaction" : "Delete character",
    "sampleCount" : 15392,
    "errorCount" : 3,
    "errorPct" : 0.019490644,
    "meanResTime" : 0.5446335758835742,
    "medianResTime" : 0.0,
    "minResTime" : 0.0,
    "maxResTime" : 233.0,
    "pct1ResTime" : 1.0,
    "pct2ResTime" : 1.0,
    "pct3ResTime" : 4.0,
    "throughput" : 2196.9740222666287,
    "receivedKBytesPerSec" : 534.2251284613188,
    "sentKBytesPerSec" : 456.9877604910077
  },
  "Total" : {
    "transaction" : "Total",
    "sampleCount" : 78034,
    "errorCount" : 1000,
    "errorPct" : 1.2814927,
    "meanResTime" : 4.489799318245852,
    "medianResTime" : 1.0,
    "minResTime" : 0.0,
    "maxResTime" : 256.0,
    "pct1ResTime" : 9.0,
    "pct2ResTime" : 10.0,
    "pct3ResTime" : 12.0,
    "throughput" : 11073.364552291756,
    "receivedKBytesPerSec" : 4920.465379771535,
    "sentKBytesPerSec" : 1955.5664755392365
  },
  "Get characters by ID" : {
    "transaction" : "Get characters by ID",
    "sampleCount" : 15430,
    "errorCount" : 12,
    "errorPct" : 0.077770576,
    "meanResTime" : 0.9875567077122475,
    "medianResTime" : 1.0,
    "minResTime" : 0.0,
    "maxResTime" : 239.0,
    "pct1ResTime" : 1.0,
    "pct2ResTime" : 2.0,
    "pct3ResTime" : 5.0,
    "throughput" : 2199.258836944128,
    "receivedKBytesPerSec" : 551.9624229439852,
    "sentKBytesPerSec" : 272.7596409100627
  },
  "Change character" : {
    "transaction" : "Change character",
    "sampleCount" : 15405,
    "errorCount" : 13,
    "errorPct" : 0.08438819,
    "meanResTime" : 0.6825705939629976,
    "medianResTime" : 0.0,
    "minResTime" : 0.0,
    "maxResTime" : 239.0,
    "pct1ResTime" : 1.0,
    "pct2ResTime" : 2.0,
    "pct3ResTime" : 4.0,
    "throughput" : 2198.515769944341,
    "receivedKBytesPerSec" : 571.0988230519481,
    "sentKBytesPerSec" : 450.8674918831169
  },
  "Create character" : {
    "transaction" : "Create character",
    "sampleCount" : 15418,
    "errorCount" : 13,
    "errorPct" : 0.08431703,
    "meanResTime" : 0.702231158386305,
    "medianResTime" : 0.0,
    "minResTime" : 0.0,
    "maxResTime" : 236.0,
    "pct1ResTime" : 1.0,
    "pct2ResTime" : 1.0,
    "pct3ResTime" : 5.0,
    "throughput" : 2199.11567536728,
    "receivedKBytesPerSec" : 571.2546578590786,
    "sentKBytesPerSec" : 498.23714520039937
  }
}