{
  "Get characters" : {
    "transaction" : "Get characters",
    "sampleCount" : 100,
    "errorCount" : 0,
    "errorPct" : 0.0,
    "meanResTime" : 2.289999999999999,
    "medianResTime" : 1.0,
    "minResTime" : 1.0,
    "maxResTime" : 19.0,
    "pct1ResTime" : 2.0,
    "pct2ResTime" : 8.849999999999966,
    "pct3ResTime" : 19.0,
    "throughput" : 104.16666666666667,
    "receivedKBytesPerSec" : 1614.9861653645835,
    "sentKBytesPerSec" : 12.8173828125
  },
  "Delete character" : {
    "transaction" : "Delete character",
    "sampleCount" : 100,
    "errorCount" : 0,
    "errorPct" : 0.0,
    "meanResTime" : 0.8700000000000002,
    "medianResTime" : 1.0,
    "minResTime" : 0.0,
    "maxResTime" : 6.0,
    "pct1ResTime" : 1.9000000000000057,
    "pct2ResTime" : 2.0,
    "pct3ResTime" : 5.97999999999999,
    "throughput" : 106.60980810234541,
    "receivedKBytesPerSec" : 25.923674040511727,
    "sentKBytesPerSec" : 22.175672974413647
  },
  "Total" : {
    "transaction" : "Total",
    "sampleCount" : 500,
    "errorCount" : 0,
    "errorPct" : 0.0,
    "meanResTime" : 1.105999999999998,
    "medianResTime" : 1.0,
    "minResTime" : 0.0,
    "maxResTime" : 19.0,
    "pct1ResTime" : 2.0,
    "pct2ResTime" : 2.0,
    "pct3ResTime" : 8.980000000000018,
    "throughput" : 519.2107995846313,
    "receivedKBytesPerSec" : 1715.2169327622016,
    "sentKBytesPerSec" : 92.07879023883697
  },
  "Get characters by ID" : {
    "transaction" : "Get characters by ID",
    "sampleCount" : 100,
    "errorCount" : 0,
    "errorPct" : 0.0,
    "meanResTime" : 0.65,
    "medianResTime" : 1.0,
    "minResTime" : 0.0,
    "maxResTime" : 3.0,
    "pct1ResTime" : 1.0,
    "pct2ResTime" : 2.0,
    "pct3ResTime" : 2.989999999999995,
    "throughput" : 106.26992561105207,
    "receivedKBytesPerSec" : 26.671260626992563,
    "sentKBytesPerSec" : 13.179961477151966
  },
  "Change character" : {
    "transaction" : "Change character",
    "sampleCount" : 100,
    "errorCount" : 0,
    "errorPct" : 0.0,
    "meanResTime" : 0.7599999999999999,
    "medianResTime" : 1.0,
    "minResTime" : 0.0,
    "maxResTime" : 5.0,
    "pct1ResTime" : 1.0,
    "pct2ResTime" : 1.9499999999999886,
    "pct3ResTime" : 4.97999999999999,
    "throughput" : 106.60980810234541,
    "receivedKBytesPerSec" : 27.693563432835823,
    "sentKBytesPerSec" : 21.863339552238806
  },
  "Create character" : {
    "transaction" : "Create character",
    "sampleCount" : 100,
    "errorCount" : 0,
    "errorPct" : 0.0,
    "meanResTime" : 0.9600000000000003,
    "medianResTime" : 1.0,
    "minResTime" : 0.0,
    "maxResTime" : 7.0,
    "pct1ResTime" : 1.0,
    "pct2ResTime" : 2.0,
    "pct3ResTime" : 6.969999999999985,
    "throughput" : 106.26992561105207,
    "receivedKBytesPerSec" : 27.60527364505845,
    "sentKBytesPerSec" : 24.076780021253988
  }
}