{
  "Get characters" : {
    "transaction" : "Get characters",
    "sampleCount" : 2000,
    "errorCount" : 1759,
    "errorPct" : 87.95,
    "meanResTime" : 143.04300000000006,
    "medianResTime" : 99.0,
    "minResTime" : 0.0,
    "maxResTime" : 885.0,
    "pct1ResTime" : 314.9000000000001,
    "pct2ResTime" : 425.0,
    "pct3ResTime" : 652.97,
    "throughput" : 1470.5882352941178,
    "receivedKBytesPerSec" : 17890.941664751837,
    "sentKBytesPerSec" : 154.26097196691174
  },
  "Delete character" : {
    "transaction" : "Delete character",
    "sampleCount" : 2000,
    "errorCount" : 6,
    "errorPct" : 0.3,
    "meanResTime" : 2.472500000000004,
    "medianResTime" : 1.0,
    "minResTime" : 0.0,
    "maxResTime" : 322.0,
    "pct1ResTime" : 6.0,
    "pct2ResTime" : 8.0,
    "pct3ResTime" : 12.990000000000009,
    "throughput" : 1514.0045420136262,
    "receivedKBytesPerSec" : 369.66328184140804,
    "sentKBytesPerSec" : 314.7673105128691
  },
  "Total" : {
    "transaction" : "Total",
    "sampleCount" : 10000,
    "errorCount" : 2192,
    "errorPct" : 21.92,
    "meanResTime" : 37.1616999999999,
    "medianResTime" : 2.0,
    "minResTime" : 0.0,
    "maxResTime" : 885.0,
    "pct1ResTime" : 115.0,
    "pct2ResTime" : 202.0,
    "pct3ResTime" : 433.9899999999998,
    "throughput" : 7347.538574577517,
    "receivedKBytesPerSec" : 19550.888162426523,
    "sentKBytesPerSec" : 1264.0076804739163
  },
  "Get characters by ID" : {
    "transaction" : "Get characters by ID",
    "sampleCount" : 2000,
    "errorCount" : 301,
    "errorPct" : 15.05,
    "meanResTime" : 26.798499999999965,
    "medianResTime" : 1.0,
    "minResTime" : 0.0,
    "maxResTime" : 685.0,
    "pct1ResTime" : 87.0,
    "pct2ResTime" : 197.0,
    "pct3ResTime" : 411.3500000000006,
    "throughput" : 1502.6296018031555,
    "receivedKBytesPerSec" : 520.7110490232908,
    "sentKBytesPerSec" : 178.06821116641623
  },
  "Change character" : {
    "transaction" : "Change character",
    "sampleCount" : 2000,
    "errorCount" : 28,
    "errorPct" : 1.4,
    "meanResTime" : 3.6684999999999963,
    "medianResTime" : 1.0,
    "minResTime" : 0.0,
    "maxResTime" : 222.0,
    "pct1ResTime" : 7.0,
    "pct2ResTime" : 9.0,
    "pct3ResTime" : 71.99000000000001,
    "throughput" : 1508.2956259426846,
    "receivedKBytesPerSec" : 398.4831612933635,
    "sentKBytesPerSec" : 308.69980203619906
  },
  "Create character" : {
    "transaction" : "Create character",
    "sampleCount" : 2000,
    "errorCount" : 98,
    "errorPct" : 4.9,
    "meanResTime" : 9.825999999999995,
    "medianResTime" : 1.0,
    "minResTime" : 0.0,
    "maxResTime" : 452.0,
    "pct1ResTime" : 9.0,
    "pct2ResTime" : 15.0,
    "pct3ResTime" : 223.0,
    "throughput" : 1504.8908954100827,
    "receivedKBytesPerSec" : 426.86068590105344,
    "sentKBytesPerSec" : 337.37184913468775
  }
}