{
  "Get characters" : {
    "transaction" : "Get characters",
    "sampleCount" : 5227,
    "errorCount" : 1378,
    "errorPct" : 26.363115,
    "meanResTime" : 189.276640520375,
    "medianResTime" : 101.0,
    "minResTime" : 0.0,
    "maxResTime" : 1957.0,
    "pct1ResTime" : 403.0,
    "pct2ResTime" : 562.0,
    "pct3ResTime" : 1698.4000000001834,
    "throughput" : 1864.7877274348912,
    "receivedKBytesPerSec" : 1792.1803229798431,
    "sentKBytesPerSec" : 168.96447444702105
  },
  "Delete character" : {
    "transaction" : "Delete character",
    "sampleCount" : 3849,
    "errorCount" : 0,
    "errorPct" : 0.0,
    "meanResTime" : 2.421667965705375,
    "medianResTime" : 1.0,
    "minResTime" : 0.0,
    "maxResTime" : 45.0,
    "pct1ResTime" : 7.0,
    "pct2ResTime" : 9.5,
    "pct3ResTime" : 18.5,
    "throughput" : 1456.8508705526117,
    "receivedKBytesPerSec" : 354.25377614023466,
    "sentKBytesPerSec" : 303.0363627223694
  },
  "Total" : {
    "transaction" : "Total",
    "sampleCount" : 20623,
    "errorCount" : 1378,
    "errorPct" : 6.68186,
    "meanResTime" : 49.95277117781143,
    "medianResTime" : 1.0,
    "minResTime" : 0.0,
    "maxResTime" : 1957.0,
    "pct1ResTime" : 143.90000000000146,
    "pct2ResTime" : 296.9500000000007,
    "pct3ResTime" : 604.0,
    "throughput" : 7352.228163992871,
    "receivedKBytesPerSec" : 3181.8554339349375,
    "sentKBytesPerSec" : 1216.7488302139036
  },
  "Get characters by ID" : {
    "transaction" : "Get characters by ID",
    "sampleCount" : 3849,
    "errorCount" : 0,
    "errorPct" : 0.0,
    "meanResTime" : 2.902831904390746,
    "medianResTime" : 1.0,
    "minResTime" : 0.0,
    "maxResTime" : 44.0,
    "pct1ResTime" : 8.0,
    "pct2ResTime" : 13.0,
    "pct3ResTime" : 20.0,
    "throughput" : 1439.9551066217732,
    "receivedKBytesPerSec" : 361.39498281425364,
    "sentKBytesPerSec" : 178.58818216891135
  },
  "Change character" : {
    "transaction" : "Change character",
    "sampleCount" : 3849,
    "errorCount" : 0,
    "errorPct" : 0.0,
    "meanResTime" : 2.569498571057419,
    "medianResTime" : 1.0,
    "minResTime" : 0.0,
    "maxResTime" : 55.0,
    "pct1ResTime" : 8.0,
    "pct2ResTime" : 9.0,
    "pct3ResTime" : 19.0,
    "throughput" : 1454.6485260770976,
    "receivedKBytesPerSec" : 377.867683531746,
    "sentKBytesPerSec" : 298.31659226190476
  },
  "Create character" : {
    "transaction" : "Create character",
    "sampleCount" : 3849,
    "errorCount" : 0,
    "errorPct" : 0.0,
    "meanResTime" : 2.7131722525331297,
    "medianResTime" : 1.0,
    "minResTime" : 0.0,
    "maxResTime" : 59.0,
    "pct1ResTime" : 7.0,
    "pct2ResTime" : 11.0,
    "pct3ResTime" : 22.0,
    "throughput" : 1444.277673545966,
    "receivedKBytesPerSec" : 375.17369254221387,
    "sentKBytesPerSec" : 327.21916041275796
  }
}