{
  "Get characters" : {
    "transaction" : "Get characters",
    "sampleCount" : 7005,
    "errorCount" : 1991,
    "errorPct" : 28.422556,
    "meanResTime" : 80.63311920057089,
    "medianResTime" : 50.0,
    "minResTime" : 0.0,
    "maxResTime" : 1072.0,
    "pct1ResTime" : 172.0,
    "pct2ResTime" : 406.6999999999998,
    "pct3ResTime" : 495.0,
    "throughput" : 1423.780487804878,
    "receivedKBytesPerSec" : 3903.717090637703,
    "sentKBytesPerSec" : 151.80783155487805
  },
  "Delete character" : {
    "transaction" : "Delete character",
    "sampleCount" : 5006,
    "errorCount" : 1,
    "errorPct" : 0.01997603,
    "meanResTime" : 0.7506991610067925,
    "medianResTime" : 0.0,
    "minResTime" : 0.0,
    "maxResTime" : 398.0,
    "pct1ResTime" : 2.0,
    "pct2ResTime" : 3.0,
    "pct3ResTime" : 5.0,
    "throughput" : 1124.1859420615317,
    "receivedKBytesPerSec" : 273.36162067707164,
    "sentKBytesPerSec" : 233.8394586514709
  },
  "Total" : {
    "transaction" : "Total",
    "sampleCount" : 27043,
    "errorCount" : 2000,
    "errorPct" : 7.3956294,
    "meanResTime" : 21.58277557963249,
    "medianResTime" : 1.0,
    "minResTime" : 0.0,
    "maxResTime" : 1072.0,
    "pct1ResTime" : 54.0,
    "pct2ResTime" : 59.0,
    "pct3ResTime" : 434.9900000000016,
    "throughput" : 5496.544715447154,
    "receivedKBytesPerSec" : 4935.8324996824185,
    "sentKBytesPerSec" : 929.297668953252
  },
  "Get characters by ID" : {
    "transaction" : "Get characters by ID",
    "sampleCount" : 5014,
    "errorCount" : 4,
    "errorPct" : 0.07977662,
    "meanResTime" : 1.2895891503789374,
    "medianResTime" : 1.0,
    "minResTime" : 0.0,
    "maxResTime" : 422.0,
    "pct1ResTime" : 2.0,
    "pct2ResTime" : 3.0,
    "pct3ResTime" : 5.0,
    "throughput" : 1027.4590163934427,
    "receivedKBytesPerSec" : 257.8681320440574,
    "sentKBytesPerSec" : 127.4289991034836
  },
  "Change character" : {
    "transaction" : "Change character",
    "sampleCount" : 5008,
    "errorCount" : 2,
    "errorPct" : 0.039936103,
    "meanResTime" : 0.8628194888178927,
    "medianResTime" : 0.0,
    "minResTime" : 0.0,
    "maxResTime" : 418.0,
    "pct1ResTime" : 2.0,
    "pct2ResTime" : 4.0,
    "pct3ResTime" : 6.0,
    "throughput" : 1027.7036733018674,
    "receivedKBytesPerSec" : 266.96208701005537,
    "sentKBytesPerSec" : 210.75954237635952
  },
  "Create character" : {
    "transaction" : "Create character",
    "sampleCount" : 5010,
    "errorCount" : 2,
    "errorPct" : 0.03992016,
    "meanResTime" : 0.8548902195608781,
    "medianResTime" : 0.0,
    "minResTime" : 0.0,
    "maxResTime" : 419.0,
    "pct1ResTime" : 2.0,
    "pct2ResTime" : 3.0,
    "pct3ResTime" : 5.0,
    "throughput" : 1027.481542247744,
    "receivedKBytesPerSec" : 266.90438499794914,
    "sentKBytesPerSec" : 232.7887869155045
  }
}